Content,Score,Feature,Heuristic
"Não tem 2 minutos que baixei o aplicativo, vou fazer o reconhecimento facial, já vi que é muito bom. Pra não dizer outra coisa! A parte boa do governo é que o valor determinado pra resgate tem data, já sabemos que se alguém resgatar serão bem poucos.",1,F1 - User access,C5 - Error prevention
"Resolve um problema, aparece outro. No app pede pra atualizar na Play Store, e não tem atualização disponível. Péssimo.",1,F0 - None feature,C5 - Error prevention
"O erro é exatamente o que já descrevi, e que vocês podem ver no histórico de edições. Nunca consigo passar da tela inicial. Nem sei o que tem dentro desse app, já que ele simplesmente não abre. Diz que ""ocorreu um problema, tente mais tarde"", e só. Já olhei em tudo que é lugar no site, simplesmente não achei nada que me ajude em lugar nenhum. O app é o retrato perfeito deste governo onde nada funciona.",1,F1 - User access,C5 - Error prevention
"Para acessar são duas etapas, senha e código enviado por SMS, o problema é que o SMS nunca chega, mesmo que esteja com o sinal completo da operadora, recebo mensagem de outras coisas, menos do código para acesso. Isso acontece pelo app ou site que no fim acaba dando na mesma, já que quando tenta acessar pelo app, é encaminhado para o site, então o app não adianta de nada.",1,F1 - User access,C1 - Visibility of system status
"Consegui fazer reconhecimento com uma luminária na cara e cada vez que entra no app precisa fazer reconhecimento, se não fizer, não entra. É uma luta fazer isso. Negocinho mal resolvido e pra que app se direciona pro navegador??? E mais: na consulta de valores a receber, só aparece uma tela em branco. Outra: pra ter acesso a funcionalidades, só pelo computador. Pra que app no celular??? Enfim...",1,F1 - User access,C4 - Consistency and standards
"PÉSSIMO! Demora demais para acessar. Na maioria das vezes além da demora dá erro. Quando acessa não se consegue fazer nada, o aplicativo trava ou fecha sozinho. Reconhecimento facial NÃO ESTÁ FUNCIONANDO. O aplicativo exige várias etapas pra subir de nível de segurança e poder utilizar o que ele oferece, porém não se consegue concluir nenhuma etapa. E o pior é que ninguém dá ao menos uma resposta. Desrespeito com o cidadão!",1,F1 - User access,C5 - Error prevention
"Aplicativo muito ruim, não se consegue fazer nada, toda hora trava, verificação de foto não vai pra frente não consegue nem fazer a foto. Poderia ser mais prático o Aplicativo. Estou tentando a dias pra fazer o upgrade, para prata e não consigo, já tenho título digital e habilitação digital e não consigo de forma nenhuma. Pelo amor, acho que precisa melhorar muito. Obrigada.",1,F1 - User access,C7 - Flexibility and efficiency of use
"Péssimo, infelizmente tem que dar uma estrela para avaliar, porque não daria nenhuma o app fica mais de 2 minutos na tela ""Aguarde"", apenas para carregar a tela com o botão ""Entrar com gov.br"", que não faz nada e não leva a tela de login. Testei várias vezes, em horários diferentes, em dois dispositivos Android e um IOS. Em todos o comportamento foi é o mesmo. E o processo de resgate do BC, depende desse lixo, que não funciona.",1,F1 - User access,C4 - Consistency and standards
"Um dos piores aplicativos que já baixei, confuso, mesmo baixando o aplicativo, você é direcionado para uma guia do Chrome. Solicita_se o reconhecimento facial, porém, após tirar a foto o mesmo fica processando por vários minutos. No ambiente interno não é possível acessar os serviços disponíveis. Os mesmos não são ofertados nas abas de navegação. Complexo.",1,F1 - User access,C1 - Visibility of system status
"Realmente todos os comentarios negativos em relação ao aplicativo estão corretos. É mais uma falta de respeito com nós brasileiros que mais uma vez precisamos de um serviço publico!!!! Não consigo realizar biometria de forma alguma e, fico entrando e saindo pra ver se consigo tirar a foto mas o aplicativo não funciona correto. Acredito mesmo que é com a intenção da pessoa perder o prazo e nao realizar o saque, Brasillllllll!!!! Gostaria de poder da - 0 a estrela mais nao tem essa opção!",1,F1 - User access,C1 - Visibility of system status
"No meu celular um pouco mais antigo não consigo nem abrir o programa, depois de instalado, clico em entrar e nada funciona, no entanto, no celular de minha esposa, mais moderno, consigo abrir e usar o programa sem problema, fiz reconhecimento facial e aumentei meu nível para ouro. Assim é possível concluir que em celular mais antigo existe algum empecilho para funcionamento.",1,F1 - User access,C7 - Flexibility and efficiency of use
"Aplicativo inútil, não consigo passar da tela inicial. Clico em entrar com gov.br botão que não faz nada nem uma informação de falha é capaz de retornar. Usando o leitor de QR code aí sim a coisa fica feia trava o celular a ponto de ter que tirar a bateria para recuperar o controle do aparelho! Estava tentando mudar de nível de bronze para prata só para imprimir o CRLV do veículo. É desesperador não conseguir fugir ao contato com funcionalismo usando internet e ser arrastado ao balcão ...!",1,F1 - User access,C1 - Visibility of system status
"O app é completamente inútil: ñ funciona direito. Ñ consigo sequer aumentar o nível da conta: qnd consigo passar da parte de escolher o nível da conta, o app fecha na hora do reconhecimento facial. Ñ consigo tbm incluir outros dados no cadastro (nem tem a opção de editar). Gostaria que fizessem um app que preste, se o objetivo for facilitar o acesso do cidadão aos serviços digitais. Grata.",1,F1 - User access,C1 - Visibility of system status
"Péssimo, horrível, ineficiente!! O App não funciona!! Simplesmente não entra, não acessa, não sai da tela inicial!! Um lixo de funcionalidade!! Como mudar o nível para prata ou ouro se não consigo nem acessar, entrar no Aplicativo?? À mais de dias e nada. Resgatar ou pelo menos consultar o saldo que tem a receber para ver se compensa tanto trabalho, nem isso é possível!! Simplesmente enganação, perda de tempo, golpe isso!!!",1,F1 - User access,C1 - Visibility of system status
"Experiência ruim. O app exige subir o nível para que você possa fazer algumas consultas, mas quando faço a leitura de imagem para reconhecimento facial, ele trava e fecha, sem nenhuma mensagem de feedback sobre o erro. Também não oferece tópico de suporte para pedido de ajuda. Infelizmente, com isso, não é possível usar nenhum recurso útil.",1,F1 - User access,C5 - Error prevention
"Não recomendo pra ninguém. Mas infelizmente outros aplicativos necessitam desse para login. O reconhecimento facial simplesmente não funciona, já tentei de várias formas. Para pode aumentar meu nível. E simplesmente não reconhece meu rosto. Ou quando aparece ""aguarde"" só volta pra tela inicial e não acontece nada. Pior aplicativo! Horrível!",1,F1 - User access,C1 - Visibility of system status
"App horrível. Nunca vi um aplicativo precisar acessar um navegador para poder fazer login. Funcionalidades básicas, como um simples clique em um botão, travam o tempo todo. O reconhecimento facial não funciona, e quando funcionou em versões anteriores do app não conseguia fazer a validação. App deveria funcionar com SOs mais antigos, tendo em vista que a maioria da população é de baixa renda e não tem acesso a celulares mais modernos. APP VERGONHOSO!!!",1,F1 - User access,C4 - Consistency and standards
"Se houvesse um adjetivo ainda pior do que péssimo, o escolheria, mas não há. Restou recorrer a um advérbio! Esse aplicativo é extremamente péssimo! Se ele apenas funcionasse já seria algo positivo! Servidor indisponível todo o tempo, lentidão para processar as requisições e no final a mensagem: serviço indisponível. Tente mais tarde.",1,F1 - User access,C0 - None heuristic
"Sistema confuso, cada hora o acesso é de um jeito e te manda para um lugar diferente (geralmente inútil), não entendo o motivo de termos sido obrigados a migrar para este sistema, o Sigepe era muito mais simples, útil e intuitivo, enfim, infelizmente como muita coisa na vida não temos escolha, e essa é uma delas, somos obrigados a engolir o que algumas poucas pessoas determinam como sendo o ""melhor"" para o povo, lamentável.",1,F1 - User access,C1 - Visibility of system status
"Estou tentando fazer o reconhecimento facial, mas nao consigo nem passar da tela onde aparece o ""losango"" para fixar meu rosto. Já tenho conta a bastante tempo e sempre usei normalmente. Entretanto, para receber o valor das contas (Bacen ) preciso passar para outro nível e não consigo. Quando acesso o reconhecimento facial na mesma hora o aplicativo retorna com a mensagem que o aplicativo está com erro e retorna para o Google play stor. Já desinstalei e instalei novamente mas não funciona.",1,F1 - User access,C5 - Error prevention
"Não é possível aumentar de nível (para prata ou ouro). O aplicativo não permite essa ação, trava, volta a telas anteriores, um ""bug"" sem fim. Também não autentica com os dados bancários, informa que o aplicativo do banco está desatualizado (não procede). Não permite tirar a foto para comparar com o sistema do TRE. Enfim, não funciona mesmo. É público, é péssimo.",1,F1 - User access,C1 - Visibility of system status
"Até o momento a experiência está sendo terrível. Extremamente instável, não consigo sequer logar no aplicativo. Alterei minha senha com sucesso, mas ao fazer o login caio numa tela de consentimento de permissões, e ao confirmar tenho dois resultados: ora acesso o aplicativo, ora recebo um erro de falta de permissão para biometria, sendo que AINDA não habilitei o recurso. Quando consigo acessar, ao tentar aumentar meu nível e fazer o reconhecimento facial a aplicação não responde.",1,F1 - User access,C5 - Error prevention
"App simplesmente não funciona! Quando tento logar fala pra eu fazer o reconhecimento facial, faço-o corretamente porém quando vai concluir apresenta uma mensagem de erro e pede pra refazer o reconhecimento facial, daí você vai tentar refazer e dá outra mensagem de erro falando que não foi possível autorizar meu acesso, ou seja, o app não deixa eu entrar pq não tem reconhecimento fácil mas o reconhecimento fácil não funciona. Conclusão: App mais desenvolvido.",1,F1 - User access,C5 - Error prevention
"Como tudo que se refere ao governo ser ridículo, está APP não seria diferente, não conecta, e quando raramente conecta da erro 0000 ou quando não dá este irritante erro, o reconhecimento facial simplesmente não funciona, sempre a mensagem ""nao foi possível reconhecimento facial, por favor tente novamente"" daí vc fica horas tentando até que trava novamente,,,, que lixo, dá impressão que foi desenvolvido justamente pra dar canseira e a população desistir de seus direitos...",1,F1 - User access,C5 - Error prevention
"Eu já havia atingido o nível ouro na versão anterior, porém, nessa versão nem se quer me logar eu consigo. Já pelo site consigo apenas visualizar meus dados básicos e, provavelmente perdi o que já tinha conquistado. Está cansativo demais ficar tentado logar e receber mensagens de erro o tempo todo, erro de credenciais e outros. Provavelmente isso implicará na consulta em relação ao dia ao qual fui agendado, tomara que resolvam o problema o quanto antes.",1,F1 - User access,C5 - Error prevention
"Tento entrar pelo App e não acontece nada. Entro pelo note e não dá opção de nenhum serviço. Só queria saber porque precisa evoluir de etapas na segurança ou credenciais para acesso. Qualquer banco consigo criar conta e gerenciar em poucos minutos. O que seria para facilitar a vida do cidadão simplesmente não tem lógica para tentar funcionar, e ainda assim não funciona. Poderiam assumir o erro e criar algo que seja útil.",1,F1 - User access,C5 - Error prevention
"Não consegui abrir. Só dá erro. Péssimo, já o segundo dia que estou tentando instalar e só dá erro. Tentar mais tarde. Não funciona.????????",1,F1 - User access,C5 - Error prevention
"Péssimo, na parte de senha e de biometria facial o app e site são horríveis. Na parte de biometria fácil aparece ""erro in code:-10"" e na parte de senha é tão complicado que eu esqueço a senha e o pior é que não tem como salvar. O acesso a esse sistema precisa seguir o exemplo do acesso as contas bancárias, vai ficar muito mais fácil para nós usuários . No mais o sistema é péssimo em tudo, principalmente na parte de recuperar senha. Minha mãe perdeu o encceja 22 pq não conseguiu recuperar senha.",1,F1 - User access,"C9 - Help users recognize, diagnose, and recover from errors"
"Horrível. Tentei fazer reconhecimento facial inúmeras vezes e nenhuma delas foi aceita. Mesmo com boa iluminação. Edit1 para a resposta: Querido, eu sou fotógrafo, tenha certeza que eu não tenho problemas com a qualidade da imagem. O problema da base de dados é de vocês. Eu não tenho nada a ver com isso. Só quero terminar a verificação da minha conta.",1,F1 - User access,"C9 - Help users recognize, diagnose, and recover from errors"
"O login não se mantém. Eu quase nunca uso o app (como é de se esperar) e nas as vezes em que preciso usar, gasto muito tempo com a identificação, CPF, senha e reconhecimento facial. Precisamos abrir o app e ele estar pronto pra usar. Fazer o login todas as vezes gasta tempo e desestimula. Engraçado que eu tenho mais de 90gb em aplicativos no celular mas apenas três dão esse problema: título de eleitor, gov.br e conectsus. Talvez você esteja certo, o app seja perfeito e eu não saiba fechar um app",1,F1 - User access,C6 - Recognition rather than recall
"Aplicativo fraco. As promessas são boas mas por exemplo: no menu principal a opção carteira só te permite cadastrar a CNH (deveria ser todos os documentos), só que nem isso funciona, você tem que baixar outro aplicativo (do DETRAN), cadastrar sua carteira lá e voltar para o aplicativo do GOV e ver que ele não cadastrou automaticamente como prometeu.",1,F5 - User data,C7 - Flexibility and efficiency of use
"Nunca avaliei mal um aplicativo, mas esse foi impossível não avaliar. Simplesmente nada funciona e não é possível passar pelo reconhecimento facial. É baixar e deletar. Nem faz sentido existir esse aplicativo na loja. Nada funciona. Em 18/5/22 tornei a precisar a utilizar o aplicativo e para minha surpresa nada continua funcionando. Pelo menos consegui resolver pelo site, mas espero nunca precisar do reconhecimento facial pra nada.",1,F3 - Proof of life,C0 - None heuristic
"Péssimo, horrível, estressante. Não indentifica o rosto de maneira nenhuma! Além de difícil acesso têm que ficar colocando o Cpf uma vida inteira. Fica impossível realizar o cadastro dessa forma. Pessimo desenvolvimento do app deveria ter uma forma mais fácil ja que têm essa falha.",1,F1 - User access,C6 - Recognition rather than recall
"Impossível acessar e nenhum FAQ com intuito real de resolver o problema do usuário. Cada hora é um erro diferente: falha de credenciais, biometria não encontrada, sistema Denatran não comunica com o aplicativo, TSE não disponibilizou dados do usuário... quer integrar tudo, mas não consegue integrar nada!",1,F1 - User access,C5 - Error prevention
"Agora diz que a versão está incompatível. Usei por vários dias. É só estresse esse app. Quase impossível navegar dentro desse app. Se a pessoa quer saber Se têm direto ap pasep Por exemplo, umas 4 horas para configurar, colocar dados e até encontrar o ministério da econômica Enfim , muitas opções e nenhum suporte.",1,F2 - Public services,C7 - Flexibility and efficiency of use
"Faz dois dias que esse App não evolui para criar a conta, indica sempre outras opções para fazer o cadastro, ai vc idiota, vai lá nas opções e elas te indicam fazer o login primeiro pelo gov.br. Que nunca abre a tela para novo cadastro. Para novos cadastros, deveria ter um campo separado do login de entrada. O sistema está nitidamente corrompido. Mesmo assim tentei, e advinha, acabei bloqueado! Lamentável!",1,F1 - User access,C5 - Error prevention
"Droga de app, se foi feito pra ajudar, só atrapalha... desgraça. Quero pagar o DARF, não consigo...,porque não consigo fazer reconhecimento fácil, tentei várias vezes e não consegui, só amanhã. Absurdo. Tem que ter várias outras formas de se entrar no app. Já vi app ruim, essebateu o recorde. Erassssss",1,F1 - User access,C5 - Error prevention
"Ruim e mostra a incopetência do nosso estado no tocante a assuntos digitais. Primeiro não foi possível realizar meu cadastro pelo site simplesmente pq aparece direito na opção de logar sem aparecer a de criar a conta, e agora que tento fazê-lo pelo aplicativo este dá problema e não abre. Incrível acreditar que isso se trata de algo feito por um governo e não por um programador iniciante.",1,F1 - User access,C0 - None heuristic
"Horrível , o site pede para baixar para fazer verificação e um tal upgrade para Gold de confiança... confiança em que?! Mesmo tentando eles fazem por onde acessar conta de banco etc, diz que não é possível fazer reconhecimento sem nenhuma outra alternativa, e fica nesse loop... onde nada é possível de ser feito! Péssimo aplicativo",1,F1 - User access,C10 - Help and documentation
"Que coisa sem sentido, pede para fazer o reconhecimento facial, você segue o passo a passo de como tem que ser feito, quando você salva simplesmente da erro, não aparece nenhum feedback dizendo qual é o erro e você não tem acesso ao aplicativo por conta do mesmo não ter reconhecido sua fase kkkkkk pracaba mesmo querem fazer algo para facilitar e acabam dificultando tudo.",1,F1 - User access,C5 - Error prevention
"Horrível e ineficiente. Acham que a população brasileira tem todo tempo do mundo para instalar e reinstalar algo que não funciona. Depois de baixar, no mesmo dia, veio a msg que estava desatualizado, tentei atualizar e fica travado. Parece que estão testando nossa paciência ou querem que a gente desista do serviço buscado.",1,F0 - None feature,C0 - None heuristic
"Tava bem mas ficou ambicioso demais: só deixa logar em dispositivo novo se der reconhecimento facial (só pra alimentar a base de fotos própria)! E, pior, se logar num novo, desloga do que já tinha! ????? Mas minha conta já é Ouro e não darei, então perderam um usuário e quantos mais eu puder alertar pra saírem! A não ser que voltem atrás.",1,F0 - None feature,C0 - None heuristic
"O app não funciona. Não sai da tela inicial, não abre. Aparece a mensagem ""ocorreu um erro, tem mais tarde"", não sai disso. Já desinstalei e instalei novamente e nada de funcionar. Mais um app do governo que não funciona e trava sua vida, pois não apresentam outra alternativa. Péssimo desempenho.",1,F0 - None feature,"C9 - Help users recognize, diagnose, and recover from errors"
"Perde senha não funciona biometria, não funciona QR, só quando quer já tive que trocar a senha várias vezes desperdício de tempo pois o aplicativo deveria ser único, com todas os ministérios inclusos. FGTS, CTPS, SAÚDE a festa de apps são muitas e muitos desnecessário deveria ter alguém que gerisse isto de forma correta sem desperdício de dinheiro público.",1,F1 - User access,C10 - Help and documentation
"App ñ tem UTILIDADE ALGUMA p/ o usuário, já q ñ dispõe de serviços algum ao cidadão (como mencionado). Ele serve apenas p/ acesso ao CPF e a CNH, sem informações extras. O governo tem interesse em novas atualizações de reconhecimento fácial (aparência/idade). E, pasmo! Mesmo fazendo os NOVOS reconhecimentos faciais, ele ñ dispõe e/ou válida a ""PROVA DE VIDA"" como sendo algo checado. Absurdo! O reconhecimento facial não é suficiente para provar que você existe (mesmo sendo ""nível ouro""). Uma ??",1,F3 - Proof of life,C2 - Match between system and the real world
"Há meses tentando logar, mas não é possível, sempre o mesmo erro: ""Reconhecimento facial não realizado. Biometria facial não encontrada: não foi possível validar sua foto em nossas bases."" Ao apresentar este erro, o app simplesmente não permite que o login seja efetivado, impossibilidade completamente o uso do app. Tenho conta nível prata, biometria feita no TSE, já troquei senha, já busquei ajuda no site, e simplesmente não há o que ser feito! E não há a quem solicitar auxílio para o acesso, pois propositalmente não há contato algum para isso. Simplesmente não é possível contornar um erro do app, e não há a quem solicitar suporte.",1,F1 - User access,C10 - Help and documentation
"Não consigo abrir o aplicativo, pede quando é iniciado para atualizar e o aplicativo e o celular já estão atualizados e mesmo assim o aplicativo não funciona! Eu tive um problema durante a leitura do meu rosto onde ficou durante um dia sem poder tentar fazer a leitura novamente, após isso apenas é exibida essa mensagem de erro onde pede para atualizar o aplicativo e não há atualização para atualizar. Eu preciso de ajuda para que o aplicativo meu gov.br volte a funcionar! Aguardo uma solução!",1,F1 - User access,C10 - Help and documentation
"Outra reclamação é a questão do login. Você acaba de fazer login, logo que sai do APP para ir pra outro APP, o próprio já desconecta da conta te forçando a logar novamente todas as vezes que vc entrar. Isso é ruim. Se o aplicativo tivesse um esquema de colocar somente a senha da conta, como os aplicativos de banco faz, seria muito melhor. Ele já está conectado com o login gov (CPF) e só precisaria da senha para confirmar. Ajudaria muito.",1,F1 - User access,C6 - Recognition rather than recall
"Péssimo! app trava, demora a responder e fecha toda hora. Muito difícil para logar, quando é pra abrir o reconhecimento facial dá erro e fecha. Sem contar que o login precisa ser feito fora do app no navegador.",1,F1 - User access,C5 - Error prevention
"Péssimo aplicativo, pura enganação, não se consegue acesso a nada, não se tem informações claras para navegação, estou tentando aumentar a segurança da conta e não aceita o CEP no endereço, agora redirecionou para uma página que a autorização só dá erro. Gostaria de entender a útil de um aplicativo que não ajuda em nada ao usuário. Só nos faz perder tempo e dar dados pessoais que já nem sei se realmente estão seguros agora.",1,F5 - User data,C5 - Error prevention
"Totalmente desorganizado a pessoa tem que ""subir de nível"" pra ter determinados acessos mas logo na primeira parte de reconhecimento facial o aplicativo fica apresentando erro. Ao invés de ajudar esse aplicativo só tá atrasando a vida da pessoa.",1,F2 - Public services,C8 - Aesthetic and minimalist design
"Instalei o App - ao acessar, seleciono a opção ""entrar com gov.br"" - entro com meu CPF e ""continuar"" - escolho ""fazer reconhecimento facial"" - sigo as recomendações e após recebo a resposta "" reconhecimento facial realizado com sucesso"" - ao clicar em ""OK"" para continuar, vem a mensagem: ""Página não encontrada!"" no navegador, e o App retorna para a tela inicial. Se o reconhecimento foi confirmado, por que não me habilita o App? Já agradeço por um breve retorno, Alexandre",1,F1 - User access,C1 - Visibility of system status
"Esse aplicativo é péssimo, precisava da declaração do cadastro único e não consigo acessar, só dá erro, sem contar que não tem utilidade nenhuma.",1,F1 - User access,C5 - Error prevention
"APLICATIVO NÃO FUNCIONA, parece que já fazem isso justamente pra não termos acesso ao que precisamos para resolver problemas maiores. Tentei baixar no celular da minha mãe e não passa da tela inicial onde diz criar senha ( pede pra atualizar) e adivinha? NÃO tem onde atualizar. Tentei baixar no meu celular e simplesmente quando abro o ícone do app aparece OCORREU UM ERRO, TENTE MAIS TARDE. É um absurdo isso. Espero que resolvam meu problema!",1,F1 - User access,C3 - User control and freedom
"Aplicativo com erro no reconhecimento facial, o processo sempre apresenta erro. Se há a função de aumento de nível, deveria está funcionando corretamente. Espero que o erro seja solucionado em breve e que os usuários não sejam prejudicados por um erro do aplicativo.",1,F1 - User access,C5 - Error prevention
Lamentável um App que não funciona! Meu reconhecimento facial só apareceu uma vez. Já estou na terceira repescagem e não consigo sair do bronze. Nem os direitos do idoso são respeitados como prioridade. Acho que ao menos o saldo tinha que ser liberado na conta bronze. De fosse micharia como é a maioria nem perderia meu tempo! Porque só agora apareceu essa história do Bacen? Isso está me parecendo conatação política! Aguardo resposta lembrando que já é minha terceira repescagem. Aguardo,1,F5 - User data,C3 - User control and freedom
"Estou a uma semana tentando fazer um cadastro no gov, primeiro que o reconhecimento facial nunca dá certo, sigo as instruções e não reconhece, agora pede pra atualizar depois de atualizado fico horas esperando o app abrir e só aparece a palavra "" Aguarde"". Sinceramente esse app não ajuda em nada.",1,F1 - User access,C3 - User control and freedom
"Simplesmente app muito ruim, não consigo fazer a prova de vida do meu pai não reconhece já fiz em locais bem iluminando e msm assim não vai. E agora está falando para atualizar o app já atualizei e continua a mensagem para atualizar. Já desinstalei e instalei novamente e continua a mesma coisa. Péssimo app. O pior é que precisamos dele para muitas coisa e o app simplesmente não funciona.",1,F3 - Proof of life,C6 - Recognition rather than recall
"Instalei o app p cadastrar minha mãe que é pensionista do exército e acamada, cadastrei, tentei fazer a prova de vida, porém não avança no reconhecimento facial,o app pede p retornar no outro dia, até ai tudo certo, porém qd retorno ele pede p atualizar o app, faço atualização e não consigo concluir,estou tentando e não sai do AGUARDE, já tentei p outros aparelhos e não avanço. Desespero aqui,se não fizer essa prova de vida.",1,F3 - Proof of life,C1 - Visibility of system status
"Esse aplicativo é muito complicado. É todo cheio de ""nove horas""... Faz tempo que quero organizá-lo para nível prata, e só dá problema, página não abre, não reconhece o CPF, perde a conexão, ou então a conexão está falha e pede para ver minutos depois. Não tem um link que vá direto para o "" nível prata"". Eu hein! Muito complicado. Explica explica, mas prático no que deveria ser, NÃO é! Essa segurança em duas etapas que nunca deu certo! Tem dois dias que tento! Haja paciência! APLICATIVO HORRÍVEL",1,F1 - User access,C8 - Aesthetic and minimalist design
"E inútil, não faz sentido, mandam vc baixar o app para criar a conta, aí baixa e o app faz vc entrar em um site aí no site vc coloca o CPF e eles te mandam para o app se faz um reconhecimento fácil e te mando para o site de novo para colocar o CPF .... E assim por diante .... COMO CRIAR A CONTA SE APARENTEMENTE VC TEM QUE TER A CONTA PARA ENTRAR NO APP ?????",1,F1 - User access,C3 - User control and freedom
"Gente pq é tão difícil recuperar A senha?? Não tenho acesso ao e-mail que é apresentado, tento recuperar pelo formulário e nunca obtenho respostas, pelo Banco tbm não consegui, pelo TSE não aparece mais a opção, é um sentimento de impotência",1,F1 - User access,C3 - User control and freedom
"vcs fizeram tudo que podia ser feito para complicar. está muito ruím, sistema sobreposto a sistema e ainda essa coisa de juntar a tudo conta bancária. Muito perigoso, cheio de falhas, bugs...muito propício a roubo de informações e fraudes....separem os acessos, inss, gov.br, e outros vinculados ao gov.br....ajudem a proteger as informações e os aposentados e funcionários. ninguém merece uma coisa assim.",1,F1 - User access,C8 - Aesthetic and minimalist design
"App não funciona, não abre o ícone de aumentar o nível. Simplesmente não abre, quando abre.... para fazer identificação através dos bancos autorizados, o App não envia o código pelo SMS para dar continuidade, e por foto digital não esta disponível. Em fim.... Só é interessante para mídia. Na prática não funciona.",1,F1 - User access,C3 - User control and freedom
"O que era pra ser simples é simplesmente ineficaz. Níveis? sério? Isso não é brincadeira de niveis... Ta brincando... se nao lembrar a senha de algo sua segurança é reduzida por ser pelo email, login pelo banco? Pra que? O que isso tem a ver vom banco? NADA.",1,F1 - User access,C6 - Recognition rather than recall
"Não consigo fazer nada, não entendi fizeram um app pra obter alguns certificados como o de vacina que é o que estou tentando ter, e o app simplesmente não funciona, não consigo entrar de nenhuma forma",1,F2 - Public services,C7 - Flexibility and efficiency of use
"Fiz várias tentativas de reconhecimento facial e o app não reconhece meu rosto. Já havia feito prova de vida pelo mesmo app no meu antigo celular e deu certo, agora que precisei atualizar no novo telefone, não reconhece meu rosto. App mal projetado e deixa a gente sem saber o que fazer por conta dos erros do app.",1,F3 - Proof of life,C6 - Recognition rather than recall
Não consigo fazer o reconhecimento facial. Preciso para isso do título de eleitor e CNH. Tenho mais de 80 anos e não quero e nem preciso de nenhum dos dois documentos. Mas preciso do reconhecimento facial para fazer a minha prova de vida no Exército. Gov.br não facilita a minha vida.,1,F3 - Proof of life,C6 - Recognition rather than recall
"Eu preciso fazer a prova de vida da aeronáutica, nao consigo, quando vou fazer o reconhecimento facial o aplicativo fecha. O lado bom: ainda tenho 27 dias para resolver isso. Mas o aplicativo deveria ser uma facilidade. Eu acredito que tudo o q é do governo deveria ser serviço de excelência, deveria ser o exemplo, deveria ser o modelo a ser seguido mas a realidade é outra, muito triste. O povo é tratado como lixo, literalmente.",1,F3 - Proof of life,C7 - Flexibility and efficiency of use
"App horrível, ficamos mais de 20 minutos tentando capturar a imagem do rosto da minha mãe e só dava erro pra fazer a prova de vida dela, já o meu rosto dava certo. Nota zero pra esse App.",1,F3 - Proof of life,C6 - Recognition rather than recall
"Reconhecimento facial horrível, não consigo nem entrar no aplicativo nem fazer prova de vida dos meus familiares que precisam evitar ir ao banco fazer o reconhecimento. Se o software de reconhecimento facial não funciona, melhor coletar um conjunto de fotos, vídeos curtos e fotos segurando documentos e enviar para que algum servidor do órgão responsável avalie o caso em um período determinado de tempo.",1,F3 - Proof of life,C6 - Recognition rather than recall
"Aplicativo lento e não reconhece a detecção facial. Perdi 2 horas tentando para bloquear as tentativas. Não consigo subir o nível da minha conta para prata ou ouro para fazer minha prova de vida digitalmente para o exército. Esperar o que de um aplicativo governamental? Se tivesse como dar 0,1 estrelas eu daria. Palhaçada.",1,F3 - Proof of life,C6 - Recognition rather than recall
"olhem meus amigos, colegas ativos ou aposentados. Estamos realmente numa DITADURA DE TI // A garotada faz aplicativos, os responsáveis aprovam sem testes e tudo fica muito enrrolado. Nós, simples mortais, ficamos à mercê de trabalhar para essa turma. Hoje se perde 50% do tempo da sua vida para trabalhar para Bancos, Telefônicas, Empresas de Luz, Gás, Água e outras. Eles economizam em funcionários. Essa turma de TI acha que o planeta ficou um www e tudo deve ser resolvido assim. E eu souamigável com TI. sites, etc.... Imagino, os nossos velhinhos que não enxergam direito, tem dificuldades em tecnologia para entender essa confusão de aplicativo gov.br e os alfabetizados formais.Estou a tres dias tentando tirar o meu Comprovante de Rendimentos para Imposto de Renda (de aposentado) e até agora não consegui. Entro ali, vou lá, volto, já tentei no celular, no computador, enfim .... uma confusão de informações desconexas e que envolvem órgãos com siglas do governo das quais muitas nem conheço. Realmente lamentável .. . . Enfim, essa é a DITADURA de TI que reina no Brasil ... cordialmente / um aposentado federal. Não entendi por que está escrito que as resenhas mais úteis tem 100 palavras ou mais. iSSO é inútil. As opiniões devem ser liberadas para que sejam bem explicadas e não devem ter limite . . . use o espaço a favor de quem SOFRE com toda essa DITADURA.",1,F5 - User data,C2 - Match between system and the real world
"Péssimo aplicativo minha senha estava correta,mesmo assim deu como senha incorreta até bloquear ...pedi para enviar uma senha nova no email simplesmente não chegou...fui ate o INSS buscar uma senha provisório para utilizar o aplicativo as senhas que me deram também não funcionaram e continuou dando erro ...sou empresária ...preciso fazer o laudo do bombeiro para adquirir alvará de funcionamento....enviei uma notificação ....e me chegou uma mensagem de que vou ter resposta em 7 dias como assim??",1,F2 - Public services,C2 - Match between system and the real world
Não consigo acessar o aplicativo. SÓ DA ERRO.TENTE MAIS TARDE. E não tem outra opção. Ja cancelei e instalei novamente e da o ERRO do mesmo jeito. Onde consigo suporte?,1,F1 - User access,C10 - Help and documentation
"Instalei o app no meu celular LG K10 Power mas não consigo entrar, clico no botão entrar e app não responde nada. Já desinstalei e instalei novamente várias vezes e reinicio o celular mas o problema sempre continua. Já fiz o que vários tutoriais ensinaram no youtube e nada deu certo. O que fazer pra dar certo?",1,F1 - User access,C10 - Help and documentation
O governo federal diz que quer facilitar a vida do brasileiro mais com esse aplicativo ruim e orrrivel a vida de nós brasileiros fica é pior. Porque o aplicativo é uma friscura pedi pramim atualizar o meu endereço aí até na opção complemento OK MAIS quando é pra colocar o nome da cidade o nome do bairro e o nome do estado onde eu moro aí não sei porque não da certo eu clico encima mais não da certo. Vocês do governo façam esse aplicativo funcionar.,1,F5 - User data,C2 - Match between system and the real world
Ainda não funciona. Foto tirada mas não sei onde foi parar. Nível continua bronze. Tento user o login biométrico para atualizar o nível mas não posso porque me exigem nível prata. Very bad app.,1,F1 - User access,C3 - User control and freedom
"Não consigo nem atualizar o meu endereço no site, imagino aqui ?? Já tentei de todas as formas fica dando cep inválido. O mais interessante é que só é ou no site ou App desse programa. Fui no Cras a moça disse que está tudo atualizado Mais nesse site ou App nem meu endereço aparece e desde o ano passado ñ recebo mais meu benefício. Onde consultar o Pasep pelo app",1,F2 - Public services,C2 - Match between system and the real world
Não entendi a necessidade desse app.????Só dificultar o atendimento no Detran por exemplo? e Poupatempo? se o objetivo era esse concluído com sucesso. O povo que complica a vida do cidadão. Pela mor,1,F2 - Public services,C2 - Match between system and the real world
Muito ruim nunca vai pra frentes. Sempre trava.,1,F4 - Digital signature,C5 - Error prevention
Não funciona tô des de fevereiro tentando aumentar o nível para ter acesso aos outros serviços e simplesmente o APP fecha sozinho toda vez.,1,F1 - User access,C5 - Error prevention
Nao serve nem pra entrar sem Cadastro e muito Meno's como egigindo prosedimentos extras e desentendido,1,F1 - User access,C2 - Match between system and the real world
"Péssimo App. Fica repetindo os ícones, pedindo várias vezes os dados, e não conseguimos acessar o App por completo. Muito ruim... espero que melhore.",1,F1 - User access,C8 - Aesthetic and minimalist design
"Estou 2 dias tentando fazer o reconhecimento, mas não tive sucesso. O APP cai no momento da foto. O porta voz dessa M..poderia vir a público conversar com o cidadão BR e esclarecer melhor. Atualiza essa M..!",1,F2 - Public services,C10 - Help and documentation
"O tempo muito curto. Tentei várias vezes, consegui duas e mesmo assim não finaliza. Quando vou para Pc que me manda o site muda. Não dá tempo pra nada. Insuportável fazer várias vezes. Só pra ter CNH digital. Não e questão de estar em um local bem iluminado e sim tempo curto. Usei ele por não lembrar da senha. logo lembrei. Deu certo. Um idoso fazer isso e pior cego. Como faz isso com alguém falando que fazer no tempo 10s?",1,F5 - User data,C3 - User control and freedom
"O app sugere que aumente o nível mas é extremamente lento e a aplicação fecha de repente quando e realizado a tentativa de cadastrar a biometria facial. Independente da hora do dia inclusive de madrugada, está funcionalidade e este erro persiste.",2,F1 - User access,"C9 - Help users recognize, diagnose, and recover from errors"
"Aplicativo pessimo, dificuldade enorme para entrar no mesmo, ja estou tentando a uma semana e nao consigo.",2,F5 - User data,C5 - Error prevention
"Não há um link p o (primeiro) cadastro, e qdo se pede a senha você inventa uma na hora que não é aceita! E aí? ""lembrar senha""! mas qual, se você nem cadastrado é! Dá um trabalho danado.",3,F1 - User access,C3 - User control and freedom
"Até hoje o app erra funcional, consegui logar em vários apps com ele, mas fui tentar aumentar o nível da conta para ouro com o cadastro do título de eleitor é apareceu a mensagem que eu não tinha biometria cadastrada, mas tenho sim já até votei usando a biometria. Se puderem consertar ou me informar como proceder agradeço.",3,F1 - User access,C1 - Visibility of system status
Está dizendo que minha atualização não é compatível com o app. Tem algum erro aí. Meu aparelho está atualizado e o app tbm,3,F2 - Public services,C5 - Error prevention
Achei bastante demorado para concluir o reconhecimento facial e não apresentava outra possibilidade de acesso,3,F4 - Digital signature,C1 - Visibility of system status
"Olá, infelizmente não consigo aumentar o nível, o sistema fica visualiza a nossa imagem e fica carregando, contudo não concluiu a ação, para passar para o próximo nível.",3,F0 - None feature,C1 - Visibility of system status
O aplicativo fecha toda vez que tento fazer o reconhecimento facial. Estou tentando a dois dias e não consigo aumentar meu nível de bronze para prata. Precisa de atualização e correção do erro.,3,F1 - User access,C5 - Error prevention
No momento não consigo acessar o app porque pede para atualizar sendo que já fiz a atualização. Meu celular é um j6+ Samsung.,3,F1 - User access,"C9 - Help users recognize, diagnose, and recover from errors"
"Faço os procedimentos de aumentar nivel para ouro e mesmo dando sucesso continua em prata, nao atualiza.",3,F2 - Public services,C0 - None heuristic
"Não consigo editar meu endereço, pois nos campos de bairro, cidade e estado não ficam ativos(editáveis).",3,F1 - User access,"C9 - Help users recognize, diagnose, and recover from errors"
"tento virar credencial ouro mas o sistema do reconhecimento facial é PÉSSIMO, não consegue reconhecer nada!",3,F1 - User access,"C9 - Help users recognize, diagnose, and recover from errors"
Muito difícil entrar. Senhas nunca dão certo. Acesso pelo banco não reconhece. Não tem praticidade.,3,F1 - User access,C5 - Error prevention
"Entendo realmente a necessidade de segurança. É a única coisa inteligente à ser feita. Ninguém quer perder seus dados e dinheiro pra vagabundo, ladrão e hackers. Mas tá bem difícil. Agora consegui me cadastrar via site. Mas no app não aparece a foto. Aumentar o nível da conta é impossível. Não ativa o reconhecimento facial. Fica rodando e mandando esperar. Se for via BB não manda o código de confirmação. São 3 horas da manhã. De dia é pior. Aí não abre nada.",3,F1 - User access,C5 - Error prevention
"Não funciona, loop, mostra o nível q estou os níveis q preciso alcançar, mas só isso, como aumentar o nível, mostra como mas não tem opção de iniciar este como, volta sempre pro mesmo lugar, app loop",3,F1 - User access,"C9 - Help users recognize, diagnose, and recover from errors"
"""Acalme sua alma... Nem sempre teremos resultados imediatos daquilo que esperamos, nem as respostas virão de formas tão claras como gostaríamos... mas o tempo organiza as pecinhas e de repente tudo parece fazer sentido! Não deixe as emoções atropelarem tudo quando o momento é difícil... isso só bagunça ainda mais as coisas... e só faz demorar mais ainda a nossa capacidade de enxergar que tudo na vida se ajeita no momento certo, e geralmente muito melhor do que estava antes .",3,F1 - User access,C1 - Visibility of system status
"Está dificil de entrar... sugere atualização do App, mas quando entro na loja já está atualizado e não entra",3,F1 - User access,C1 - Visibility of system status
É meio conduzo e demora muito para abrir cada vês q vó abrir o app tá dezatualizado e a senha não confere é complicado,3,F1 - User access,C5 - Error prevention
"Queria o aplicativo para ter acesso mais fácil ao Inep/ enem mas sinceramente é melhor ir no site, eu preciso aumentar nível pra conseguir acessar meus documentos, achei meio desnecessário essa função, era pra facilitar a vida mas parece que o aplicativo só ""funciona"" Pra quem tem conta em banco :/",3,F0 - None feature,C0 - None heuristic
"Meu cadastro está quase completo, só falta fazer o reconhecimento facial pra ir pro nível ouro. O problema está aí!! Não aparece a opção pra fazer o reconhecimento facial.",3,F5 - User data,C0 - None heuristic
"Legal, importante, útil, recomendo. Porém nesse mês de fevereiro de 2022, após a ultima atualização notei que não acessa mais pelo app e nem pelo site via computador, parecer estar tendo algum conflito com a base de dados. Mandei email e recebo resposta automática direcionando para um site sobre autorização de alterações. Notei que outras pessoas estão tendo o mesmo problema. Não estamos com problema pra alterar nada, o problema é que não acessa o app e nem via web computador. Dá erros diversos como: - comunicação com o serviço de autenticação de segundo fator de autenticação. Tente mais tarde (ERL0004200). - ERRO003 - falha relacionada com biometria. Nem utilizando outras formas de acesso como via Internet Banking tem solução, deu esse erro da biometria. Ou seja, dá a entender que não esta se comunicando com outros bancos de dados como a biometria do TSE que tenho coletada.",3,F1 - User access,"C9 - Help users recognize, diagnose, and recover from errors"
Não consigo entrar no aplicativo o tempo para recuperação da senha é pouco ñ foi feito para idosos. Nota 3,3,F1 - User access,"C9 - Help users recognize, diagnose, and recover from errors"
"Boa tarde! Vou avaliar como bom, tendo em vista que não usei o app suficiente, no que precisei foi satisfatório, grato.",3,F1 - User access,C6 - Recognition rather than recall
"Demorado fica pedindo direto para mudar de nível,e qdo vc pensa que vai entrar na página desejada volta ao zero",3,F1 - User access,"C9 - Help users recognize, diagnose, and recover from errors"
Nao consegui acessar. Esqueçi a senha. Nao fez reconhecimento facial.,3,F1 - User access,"C9 - Help users recognize, diagnose, and recover from errors"
Deveria ter uma janela ou um índice dos órgãos e empresas públicas para entrar no site da Previdência ou do ministério da saúde etc. Eu tenho dificuldade para usar...,3,F0 - None feature,C0 - None heuristic
"aplicativo muito lento,e demora muito o reconhecimento facial",3,F0 - None feature,C0 - None heuristic
"Mto chato esse reconhecimento , antes era bem mais facil de entrar pra ver a inscrição do ENEM",3,F1 - User access,C1 - Visibility of system status
"tem que ter outra opção, não só a facial, várias tentativas pra conseguir",3,F1 - User access,"C9 - Help users recognize, diagnose, and recover from errors"
"Até o momento não consegui usar, pois não permite conexão: indicando erro 003 mencionando não configurado para biometria, o que não procede, pois o celular está configurado com acesso digital e facial.",3,F1 - User access,C1 - Visibility of system status
"Cansativo! Estou há uma semana tentando aumentar meu nível, e não consigo. Gostaria de identificar um condutor infrator sem precisar fazê-lo presencialmente, mas o que era pra facilitar só complica.",3,F1 - User access,C2 - Match between system and the real world
"O app è muito bom, porém estou tentando mudar de nível e quando solicito a alteração entra com o pedido de reconhecimento facial, mas o app fecha depois disso...não deixando continuar.",3,F5 - User data,C5 - Error prevention
"Seria muito bom se o APP englobasse todos os outros Apps de documentos, evitando ter que utilizar um para cada. Ex.: INSS, Carteira de trabalho Digital, entre outros.",3,F1 - User access,C1 - Visibility of system status
"não gostei muito complicado ,poderia ser mais simples.",3,F1 - User access,C5 - Error prevention
Tive problema no reconhecimento facial. Não estava fazendo mas desinstalei e instalei novamente o APP e deu certo. Consegui aumentar o nível de confiabilidade,3,F5 - User data,C5 - Error prevention
Péssimo. Não consigo consultar o saldo de valores a receber . Fica pedindo pra fazer e refazer o reconhecimento facial...mas não conclui e não efetiva o reconhecimento.,3,F5 - User data,C4 - Consistency and standards
"Achei o acesso difícil para uma pessoa idosa ou que não tem acesso a Internet, seguir o passo a passo deste dispositivo. Sugiro que tenha uma forma mais simples de acessar este aplicativo!",3,F1 - User access,"C9 - Help users recognize, diagnose, and recover from errors"
"Finalmente o reconhecimento facial funcionou após vários meses tentando. Mesmo celular, mesmas condições de iluminação e mesmo rosto. Mesmo assim não merece nota maior por causa de todos os transtornos causados e pelas respostas mentirosas do suporte.",3,F1 - User access,"C9 - Help users recognize, diagnose, and recover from errors"
Tenho usuário e senha e tenho limite de acessos. E ocorre erros constantes.,3,F1 - User access,"C9 - Help users recognize, diagnose, and recover from errors"
"trava, demora, algumas coisas confunde as pessoas na hora do cadastro",3,F5 - User data,C4 - Consistency and standards
Não consigo nem abrir o aplicativo e estou precisando muito por favor me ajude a acessar. Obrigada!,3,F5 - User data,C5 - Error prevention
O reconhecimento deu certo. até então tá funcionando ok.,3,F1 - User access,"C9 - Help users recognize, diagnose, and recover from errors"
"O App não completa o reconhecimento facial. Assim, não subo de nível e com isso não me deixam ver se tenho valores a receber em bancos.",3,F1 - User access,"C9 - Help users recognize, diagnose, and recover from errors"
O app apresenta falhas contínuas e não consigo fazer o reconhecimento facial.,3,F1 - User access,"C9 - Help users recognize, diagnose, and recover from errors"
"Mais prático, fácil e rápido",3,F1 - User access,C5 - Error prevention
"Estou avaliando com 3 estrelas, quando o aplicativo funcionar corretamente dou 4. Se conseguir fazer a minha declaração dou 5, simplesmente.",3,F5 - User data,C5 - Error prevention
Complicado. O reconhecimento facial não funciona,3,F5 - User data,C5 - Error prevention
"Olá, infelizmente Clico no botão de aumentar nível e nada acontece o aplicativo é ótimo mas infelizmente tá apresentando esse problema, por isso que tô dando 3 estrelas, se não fosse isso era 5 estrelas.",3,F1 - User access,C5 - Error prevention
"o programa é fálio na captura da imagem do rosto. Demora muito. Lembrar que o idoso não tem agilidade nos movimentos. Seria interessante ter um vídeo mostrando como deve-se posicionar frente a câmera. Depois de muitas tentativas, só consegui após assistir um tutorial.",3,F1 - User access,C3 - User control and freedom
"Excelente! Isso me faz lembrar os tempos em que para obter um simples carimbo era preciso enfrentar filas enormes para obter uma senha para ser atendido em um dia qualquer. Depois era preciso voltar várias vezes para apresentar documentos e comprovantes. Embora seja bastante complicado o seu uso, o programa representa um avanço enorme. Sigam em frente!",4,F5 - User data,C8 - Aesthetic and minimalist design
"Após várias tentativas da Biometria Facial finalmente consegui, mas é muito difícil este sistema.",4,F1 - User access,C5 - Error prevention
complicado enquadrar a foto. poderia explicar melhor,4,F5 - User data,C0 - None heuristic
"o tempo e muito pouco ,tive que fazer várias tentaviva pq o tempo esgotava pra conseguir concluir .",4,F4 - Digital signature,C5 - Error prevention
"uma ferramenta extremamente útil, contudo a qualidade da interface pd melhorar",4,F1 - User access,C5 - Error prevention
só acho que deveria ser digital né porque estava digital com a impressão digital,4,F1 - User access,C0 - None heuristic
Bom dia. O app pede para atualizar e não atualiza...favor verificar.,4,F1 - User access,C1 - Visibility of system status
Tá faltando o sistema criar uma forma de login que não precise entrar no navegador,4,F1 - User access,C2 - Match between system and the real world
"achei bom no reconhecimento facial, rápido...por enquanto é tudo...",4,F0 - None feature,C0 - None heuristic
"Aplicativo simplesmente incrível, fácil de usar, não tem uma tela poluída, organizado, parabéns aos desenvolvedores, vocês deveria adicionar a identidade aqui seria legal.",5,F5 - User data,C8 - Aesthetic and minimalist design
"Até o momento entrei no Aplicativo e por não lembrar a senha , fiz reconhecimento facial , foi rápido e didático .",5,F1 - User access,C6 - Recognition rather than recall
"Excelente, talvez faltem dicas sobre o bom uso e como proteger-se dos bandidos, hackers, políticos e outros agentes do mal.",5,F5 - User data,C3 - User control and freedom
"Quando meu aparelho está com TODOS aplicativos bem encerrados manualmente, conexão estável 4G ou cabo, e sigo o passo a passo, funciona perfeitamente, e acabei de tornar meu nivel ouro com facilidade. Só acho que falta um aplicativo para a DEVIR - Delegacia Virtual. Não é como os apps da caixa, esse foi feito para funcionar.",5,F5 - User data,C3 - User control and freedom
App de excelência nota 10 pra quem busca praticidade pra se cadrasta com CNH digital. carteira de trabalho digital e ótimo ter esse App,5,F2 - Public services,C7 - Flexibility and efficiency of use
"aplicativo de reconhecimento de dados pessoais para atividades e facilitação em transações pessoais, referente a serviços necessário com a esfera governamental. Porém deve-se pensar nas pessoas que não tem nenhuma habilidade com tecnologia e colocar os acessos mais rápidos para estas pessoas. no entanto o aplicativo é muito bom e ajuda muito aos usuários, estão de parabéns.",5,F5 - User data,C7 - Flexibility and efficiency of use
"Bem funcional, facilitando o processo de identificação em vários Apps. Agora com assinatura eletrônica digital.",5,F4 - Digital signature,C4 - Consistency and standards
"Assinatura eletrônica, facilita meu dia em 100%.",5,F4 - Digital signature,C7 - Flexibility and efficiency of use
